{
  "version": 1,
  "disable_existing_loggers": true,
  "formatters": {
    "brief": {
      "class": "logging.Formatter",
      "style": "{",
      "datefmt": "%Y-%m-%d %I:%M:%S",
      "format": "{levelname:5s}; {name:<4s}; {message:s}"
    },
    "single-line": {
      "class": "logging.Formatter",
      "style": "{",
      "datefmt": "%Y-%m-%d %I:%M:%S",
      "format": "{asctime:s};{levelname:5s};{name:<4s} {lineno:4d}; {message:s}"
    },
    "multi-process": {
      "class": "logging.Formatter",
      "style": "{",
      "datefmt": "%Y-%m-%d %I:%M:%S",
      "format": "{asctime:s};{levelname:5s};{process:5d};{name:<4s} {lineno:4d}; {message:s}"
    },
    "multi-thread": {
      "class": "logging.Formatter",
      "style": "{",
      "datefmt": "%Y-%m-%d %I:%M:%S",
      "format": "{asctime:s};{levelname:5s};{threadName:5d};{name:<4s} {lineno:4d}; {message:s}"
    },
    "verbose": {
      "class": "logging.Formatter",
      "style": "{",
      "format": " {asctime:s} {levelname:2s} {process:5d},{threadName:5s} [{filename:s}:{lineno:d}]:{message:s}"
    },
    "multiline": {
      "class": "logging.Formatter",
      "style": "{",
      "datefmt": "%Y-%m-%d %I:%M:%S",
      "format": "{asctime:s}\n{levelname:5s}\n{process:5d}\n{threadName:8s}\n{name:<4s}{lineno:4d}\n{message:s}\n"
    }
  },
  "handlers": {
    "console": {
      "level": "DEBUG",
      "class": "logging.StreamHandler",
      "formatter": "verbose",
      "stream": "ext://sys.stdout"
    },
    "file_handler_hippo": {
      "level": "DEBUG",
      "class": "logging.handlers.RotatingFileHandler",
      "formatter": "verbose",
      "filename": "hippo.log",
      "maxBytes": 20971520,
      "backupCount": 10,
      "mode": "a",
      "encoding": "utf-8"
    }

  },
  "loggers": {
    "hippo_console": {
      "handlers": [
        "console"
      ],
      "level": "DEBUG"
    },
    "hippo_data": {
      "handlers": [
        "console",
        "file_handler_hippo"
      ],
      "level": "DEBUG"
    }
  }
}



